<?xml version="1.0" encoding="UTF-8"?>
<project-private xmlns="http://www.netbeans.org/ns/project-private/1">
    <editor-bookmarks xmlns="http://www.netbeans.org/ns/editor-bookmarks/2" lastBookmarkId="0"/>
    <open-files xmlns="http://www.netbeans.org/ns/projectui-open-files/2">
        <group>
            <file>file:/C:/Users/2DT/Desktop/MyProjectsNetBeans/Senai-AutoPark/web/relatorio_servico.html</file>
            <file>file:/C:/Users/2DT/Desktop/MyProjectsNetBeans/Senai-AutoPark/web/relatorio_servico.jsp</file>
            <file>file:/C:/Users/2DT/Desktop/MyProjectsNetBeans/Senai-AutoPark/web/menu_operador.html</file>
            <file>file:/C:/Users/2DT/Desktop/MyProjectsNetBeans/Senai-AutoPark/web/menu_admin.html</file>
            <file>file:/C:/Users/2DT/Desktop/MyProjectsNetBeans/Senai-AutoPark/web/configura_vagas.jsp</file>
            <file>file:/C:/Users/2DT/Desktop/MyProjectsNetBeans/Senai-AutoPark/web/configuracoes_sistema.html</file>
        </group>
    </open-files>
</project-private>
