<?xml version="1.0" encoding="UTF-8"?>
<project-private xmlns="http://www.netbeans.org/ns/project-private/1">
    <editor-bookmarks xmlns="http://www.netbeans.org/ns/editor-bookmarks/2" lastBookmarkId="0"/>
    <open-files xmlns="http://www.netbeans.org/ns/projectui-open-files/2">
        <group>
            <file>file:/C:/Users/2DT/Desktop/MyProjectsNetBeans/Senai-AutoPark/web/menu.css</file>
            <file>file:/C:/Users/2DT/Desktop/MyProjectsNetBeans/Senai-AutoPark/web/login_senaipark.jsp</file>
            <file>file:/C:/Users/2DT/Desktop/MyProjectsNetBeans/Senai-AutoPark/web/style_login.css</file>
            <file>file:/C:/Users/2DT/Desktop/MyProjectsNetBeans/Senai-AutoPark/web/menu_admin.html</file>
            <file>file:/C:/Users/2DT/Desktop/MyProjectsNetBeans/Senai-AutoPark/web/index.html</file>
        </group>
    </open-files>
</project-private>
