<?xml version="1.0" encoding="UTF-8"?>
<project-private xmlns="http://www.netbeans.org/ns/project-private/1">
    <editor-bookmarks xmlns="http://www.netbeans.org/ns/editor-bookmarks/2" lastBookmarkId="1">
        <file>
            <url>web/cadastro.jsp</url>
            <bookmark id="1">
                <name/>
                <line>0</line>
                <key/>
            </bookmark>
        </file>
    </editor-bookmarks>
    <open-files xmlns="http://www.netbeans.org/ns/projectui-open-files/2">
        <group>
            <file>file:/C:/Users/2DT/Desktop/MyProjectsNetBeans/Login/web/style.css</file>
            <file>file:/C:/Users/2DT/Desktop/MyProjectsNetBeans/Login/web/listagem.jsp</file>
            <file>file:/C:/Users/2DT/Desktop/MyProjectsNetBeans/Login/web/index.html</file>
            <file>file:/C:/Users/2DT/Desktop/MyProjectsNetBeans/Login/web/alterar.html</file>
            <file>file:/C:/Users/2DT/Desktop/MyProjectsNetBeans/Login/web/consultaraniver.jsp</file>
            <file>file:/C:/Users/2DT/Desktop/MyProjectsNetBeans/Login/web/bem_vindo.html</file>
            <file>file:/C:/Users/2DT/Desktop/MyProjectsNetBeans/Login/web/consultar.html</file>
            <file>file:/C:/Users/2DT/Desktop/MyProjectsNetBeans/Login/web/atualizar.jsp</file>
        </group>
    </open-files>
</project-private>
